Ability,Pokemon,Game's Text,In-Depth Effect,Ability URL
Anger Shell,Klawf,"When an attack causes its HP to drop to half or less, the Pok�mon gets angry. This lowers its Defense and Sp. Def stats but boosts its Attack, Sp. Atk, and Speed stats.",,https://www.serebii.net/abilitydex/angershell.shtml
Anticipation,Flittle,The Pok�mon can sense an opposing Pok�mon's dangerous moves.,Warns when the foe knows 1-hit KO or super-effective moves.,https://www.serebii.net/abilitydex/anticipation.shtml
Armor Tail,Farigiraf,The mysterious tail covering the Pok�mon's head makes opponents unable to use priority moves against the Pok�mon or its allies.,,https://www.serebii.net/abilitydex/armortail.shtml
Aroma Veil,Lechonk,Protects itself and its allies from attacks that limit their move choices.,,https://www.serebii.net/abilitydex/aromaveil.shtml
Aroma Veil,Dachsbun,Protects itself and its allies from attacks that limit their move choices.,,https://www.serebii.net/abilitydex/aromaveil.shtml
Beads of Ruin,Chi-Yu,The power of the Pok�mon's ruinous beads lowers the Sp. Def stats of all Pok�mon except itself.,,https://www.serebii.net/abilitydex/beadsofruin.shtml
Big Pecks,Bombirdier,Protects the Pok�mon from Defense-lowering effects.,,https://www.serebii.net/abilitydex/bigpecks.shtml
Blaze,Fuecoco,Powers up Fire-type moves when the Pok�mon's HP is low.,"When HP is below 1/3rd its maximum, power of Fire-type moves is increased by 50%.",https://www.serebii.net/abilitydex/blaze.shtml
Blaze,Crocalor,Powers up Fire-type moves when the Pok�mon's HP is low.,"When HP is below 1/3rd its maximum, power of Fire-type moves is increased by 50%.",https://www.serebii.net/abilitydex/blaze.shtml
Blaze,Skeledirge,Powers up Fire-type moves when the Pok�mon's HP is low.,"When HP is below 1/3rd its maximum, power of Fire-type moves is increased by 50%.",https://www.serebii.net/abilitydex/blaze.shtml
Cheek Pouch,Maushold,Restores HP as well when the Pok�mon eats a Berry.,,https://www.serebii.net/abilitydex/cheekpouch.shtml
Chlorophyll,Scovillain,Boosts the Pok�mon's Speed stat in sunshine.,"When sunny, the Pok�mon�s Speed doubles.",https://www.serebii.net/abilitydex/chlorophyll.shtml
Chlorophyll,Capsakid,Boosts the Pok�mon's Speed stat in sunshine.,"When sunny, the Pok�mon�s Speed doubles.",https://www.serebii.net/abilitydex/chlorophyll.shtml
Clear Body,Naclstack,Prevents other Pok�mon's moves or Abilities from lowering the Pok�mon's stats.,Opponents� moves which lower this Pok�mon�s stats have no effect. However this Pok�mon may lower its own stats with its own moves.,https://www.serebii.net/abilitydex/clearbody.shtml
Clear Body,Garganacl,Prevents other Pok�mon's moves or Abilities from lowering the Pok�mon's stats.,Opponents� moves which lower this Pok�mon�s stats have no effect. However this Pok�mon may lower its own stats with its own moves.,https://www.serebii.net/abilitydex/clearbody.shtml
Clear Body,Nacli,Prevents other Pok�mon's moves or Abilities from lowering the Pok�mon's stats.,Opponents� moves which lower this Pok�mon�s stats have no effect. However this Pok�mon may lower its own stats with its own moves.,https://www.serebii.net/abilitydex/clearbody.shtml
Commander,Tatsugiri,"When the Pok�mon enters a battle, it goes inside the mouth of an ally Dondozo if one is on the field. The Pok�mon then issues commands from there.",Tatsugiri will go into Dondozo's mouth and be unable to be damaged from attacks. Dondozo can no longer switch out. Dondozo's stats all raise by 2 stages,https://www.serebii.net/abilitydex/commander.shtml
Competitive,Kilowattrel,Boosts the Sp. Atk stat sharply when a stat is lowered.,Raises Sp. Atk stat by two stages whenever a stat is lowered,https://www.serebii.net/abilitydex/competitive.shtml
Competitive,Wattrel,Boosts the Sp. Atk stat sharply when a stat is lowered.,Raises Sp. Atk stat by two stages whenever a stat is lowered,https://www.serebii.net/abilitydex/competitive.shtml
Compoundeyes,Rellor,The Pok�mon's compound eyes boost its accuracy.,Raises the Pok�mon�s accuracy by 30%.,https://www.serebii.net/abilitydex/compoundeyes.shtml
Corrosion,Glimmora,The Pok�mon can poison the target even if it's a Steel or Poison type.,,https://www.serebii.net/abilitydex/corrosion.shtml
Corrosion,Glimmet,The Pok�mon can poison the target even if it's a Steel or Poison type.,,https://www.serebii.net/abilitydex/corrosion.shtml
Costar,Flamigo,"When the Pok�mon enters a battle, it copies an ally's stat changes.",,https://www.serebii.net/abilitydex/costar.shtml
Cud Chew,Farigiraf,"When the Pok�mon eats a Berry, it will regurgitate that Berry at the end of the next turn and eat it one more time.",,https://www.serebii.net/abilitydex/cudchew.shtml
Damp,Tadbulb,Prevents the use of explosive moves such as Self-Destruct by dampening its surroundings.,"Explosion, Selfdestruct, Mind Blown & Misty Explosion will not work while the Pok�mon is on the field.",https://www.serebii.net/abilitydex/damp.shtml
Damp,Bellibolt,Prevents the use of explosive moves such as Self-Destruct by dampening its surroundings.,"Explosion, Selfdestruct, Mind Blown & Misty Explosion will not work while the Pok�mon is on the field.",https://www.serebii.net/abilitydex/damp.shtml
Defiant,Kingambit,Boosts the Pok�mon's Attack stat sharply when its stats are lowered.,Attack is raised by two stages when the Pok�mon has its stats lowered. Doesn't work on self inflicted stat drops or drops from allies,https://www.serebii.net/abilitydex/defiant.shtml
Defiant,Annihilape,Boosts the Pok�mon's Attack stat sharply when its stats are lowered.,Attack is raised by two stages when the Pok�mon has its stats lowered. Doesn't work on self inflicted stat drops or drops from allies,https://www.serebii.net/abilitydex/defiant.shtml
Early Bird,Dolliv,The Pok�mon awakens twice as fast as other Pok�mon from sleep.,"Sleep conditions lasts for half as long, rounding down. For example, half of three turns is 1.5, which rounds down to one turn. When the number of turns to sleep is one, half of this rounded down is zero, and the Pok�mon wakes up instantly.",https://www.serebii.net/abilitydex/earlybird.shtml
Early Bird,Smoliv,The Pok�mon awakens twice as fast as other Pok�mon from sleep.,"Sleep conditions lasts for half as long, rounding down. For example, half of three turns is 1.5, which rounds down to one turn. When the number of turns to sleep is one, half of this rounded down is zero, and the Pok�mon wakes up instantly.",https://www.serebii.net/abilitydex/earlybird.shtml
Earth Eater,Orthworm,"If hit by a Ground-type move, the Pok�mon has its HP restored instead of taking damage.",The user recovers 25% of its maximum Hit Points when a Ground-type move is used against it,https://www.serebii.net/abilitydex/eartheater.shtml
Electromorphosis,Bellibolt,"The Pok�mon becomes charged when it takes damage, boosting the power of the next Electric-type move the Pok�mon uses.",,https://www.serebii.net/abilitydex/electromorphosis.shtml
Filter,Revavroom,Reduces the power of supereffective attacks taken.,Damage by super-effective moves is reduced by 25%.,https://www.serebii.net/abilitydex/filter.shtml
Flame Body,Charcadet,Contact with the Pok�mon may burn the attacker.,"The opponent has a 30% chance of being induced with Burn when using an attack, that requires physical contact, against this Pok�mon.",https://www.serebii.net/abilitydex/flamebody.shtml
Flash Fire,Charcadet,Powers up the Pok�mon's Fire-type moves if it's hit by one.,"Activates when user is hit by a damaging Fire-type move (including Fire-type Hidden Power). Once activated, user�s Fire-type moves deal 1.5 times damage. While this ability is in effect, this Pok�mon is immune to damage from Fire-type attacks and Fire-type Hidden Power (accuracy and effect from these moves are ignored). For Fire-type Pok�mon with this ability, Will-O-Wisp activates this ability without having an effect. If a non-Fire-type Pok�mon has this ability, Will-O-Wisp will activate the ability and will have an effect.",https://www.serebii.net/abilitydex/flashfire.shtml
Flash Fire,Armarouge,Powers up the Pok�mon's Fire-type moves if it's hit by one.,"Activates when user is hit by a damaging Fire-type move (including Fire-type Hidden Power). Once activated, user�s Fire-type moves deal 1.5 times damage. While this ability is in effect, this Pok�mon is immune to damage from Fire-type attacks and Fire-type Hidden Power (accuracy and effect from these moves are ignored). For Fire-type Pok�mon with this ability, Will-O-Wisp activates this ability without having an effect. If a non-Fire-type Pok�mon has this ability, Will-O-Wisp will activate the ability and will have an effect.",https://www.serebii.net/abilitydex/flashfire.shtml
Flash Fire,Ceruledge,Powers up the Pok�mon's Fire-type moves if it's hit by one.,"Activates when user is hit by a damaging Fire-type move (including Fire-type Hidden Power). Once activated, user�s Fire-type moves deal 1.5 times damage. While this ability is in effect, this Pok�mon is immune to damage from Fire-type attacks and Fire-type Hidden Power (accuracy and effect from these moves are ignored). For Fire-type Pok�mon with this ability, Will-O-Wisp activates this ability without having an effect. If a non-Fire-type Pok�mon has this ability, Will-O-Wisp will activate the ability and will have an effect.",https://www.serebii.net/abilitydex/flashfire.shtml
Fluffy,Greavard,"Halves the damage taken from moves that make direct contact, but doubles that of Fire-type moves.",,https://www.serebii.net/abilitydex/fluffy.shtml
Fluffy,Houndstone,"Halves the damage taken from moves that make direct contact, but doubles that of Fire-type moves.",,https://www.serebii.net/abilitydex/fluffy.shtml
Friend Guard,Maushold,Reduces damage done to allies.,"In Double & Triple battles, the damage that ally Pok�mon receive from attacks is reduced by 25%.",https://www.serebii.net/abilitydex/friendguard.shtml
Frisk,Flittle,"When it enters a battle, the Pok�mon can check an opposing Pok�mon's held item.",Reveals the foe�s held item.,https://www.serebii.net/abilitydex/frisk.shtml
Frisk,Espathra,"When it enters a battle, the Pok�mon can check an opposing Pok�mon's held item.",Reveals the foe�s held item.,https://www.serebii.net/abilitydex/frisk.shtml
Gluttony,Lechonk,"Makes the Pok�mon eat a held Berry when its HP drops to half or less, which is sooner than usual.",The Pok�mon will use a berry when its Hit Points are below 50%.,https://www.serebii.net/abilitydex/gluttony.shtml
Gluttony,Oinkologne,"Makes the Pok�mon eat a held Berry when its HP drops to half or less, which is sooner than usual.",The Pok�mon will use a berry when its Hit Points are below 50%.,https://www.serebii.net/abilitydex/gluttony.shtml
Good as Gold,Gholdengo,"A body of pure, solid gold gives the Pok�mon full immunity to other Pok�mon's status moves.",,https://www.serebii.net/abilitydex/goodasgold.shtml
Gooey,Wiglett,Contact with the Pok�mon lowers the attacker's Speed stat.,Lowers the opponent's Speed by one stage when it makes physical contact.,https://www.serebii.net/abilitydex/gooey.shtml
Gooey,Wugtrio,Contact with the Pok�mon lowers the attacker's Speed stat.,Lowers the opponent's Speed by one stage when it makes physical contact.,https://www.serebii.net/abilitydex/gooey.shtml
Guard Dog,Mabosstiff,Boosts the Pok�mon's Attack stat if intimidated. Moves and items that would force the Pok�mon to switch out also fail to work.,,https://www.serebii.net/abilitydex/guarddog.shtml
Guts,Squawkabilly,It's so gutsy that having a status condition boosts the Pok�mon's Attack stat.,"Attack is increased by 50% when induced with a status (BURN, PARALYZE, SLEEP, POISON, FREEZE). Burn�s effect of lowering Attack is not applied.",https://www.serebii.net/abilitydex/guts.shtml
Hadron Engine,Miraidon,Turns the ground into Electric Terrain when the Pok�mon enters a battle. The futuristic engine within the Pok�mon also boosts its Sp. Atk stat on Electric Terrain.,,https://www.serebii.net/abilitydex/hadronengine.shtml
Harvest,Smoliv,May create another Berry after one is used.,"The Pok�mon has a 50% chance of restoring a consumed berry. During sunshine, this chance increases to 100%",https://www.serebii.net/abilitydex/harvest.shtml
Harvest,Dolliv,May create another Berry after one is used.,"The Pok�mon has a 50% chance of restoring a consumed berry. During sunshine, this chance increases to 100%",https://www.serebii.net/abilitydex/harvest.shtml
Harvest,Arboliva,May create another Berry after one is used.,"The Pok�mon has a 50% chance of restoring a consumed berry. During sunshine, this chance increases to 100%",https://www.serebii.net/abilitydex/harvest.shtml
Hustle,Squawkabilly,"Boosts the Attack stat, but lowers accuracy.","Damage from physical attacks is increased by 50%, but average accuracy is only 80%.",https://www.serebii.net/abilitydex/hustle.shtml
Ice Body,Arctibax,The Pok�mon gradually regains HP in a hailstorm.,HP is restored by 1/16th of maximum HP when its hailing.,https://www.serebii.net/abilitydex/icebody.shtml
Ice Body,Baxcalibur,The Pok�mon gradually regains HP in a hailstorm.,HP is restored by 1/16th of maximum HP when its hailing.,https://www.serebii.net/abilitydex/icebody.shtml
Ice Body,Frigibax,The Pok�mon gradually regains HP in a hailstorm.,HP is restored by 1/16th of maximum HP when its hailing.,https://www.serebii.net/abilitydex/icebody.shtml
Infiltrator,Bramblin,"Passes through the opposing Pok�mon's barrier, substitute, and the like and strikes.","The protections and stat boosts caused by the moves Substitute, Reflect, Light Screen and Safeguard by the opponent are ignored.",https://www.serebii.net/abilitydex/infiltrator.shtml
Infiltrator,Brambleghast,"Passes through the opposing Pok�mon's barrier, substitute, and the like and strikes.","The protections and stat boosts caused by the moves Substitute, Reflect, Light Screen and Safeguard by the opponent are ignored.",https://www.serebii.net/abilitydex/infiltrator.shtml
Inner Focus,Annihilape,"The Pok�mon's intensely focused, and that protects the Pok�mon from flinching.",This Pok�mon will not flinch. Does not prevent flinching with Focus Punch. Also prevents stats from being lowered by the ability Intimidate,https://www.serebii.net/abilitydex/innerfocus.shtml
Insomnia,Scovillain,The Pok�mon is suffering from insomnia and cannot fall asleep.,The Pok�mon cannot be put to Sleep while having this ability.,https://www.serebii.net/abilitydex/insomnia.shtml
Insomnia,Capsakid,The Pok�mon is suffering from insomnia and cannot fall asleep.,The Pok�mon cannot be put to Sleep while having this ability.,https://www.serebii.net/abilitydex/insomnia.shtml
Insomnia,Spidops,The Pok�mon is suffering from insomnia and cannot fall asleep.,The Pok�mon cannot be put to Sleep while having this ability.,https://www.serebii.net/abilitydex/insomnia.shtml
Insomnia,Tarountula,The Pok�mon is suffering from insomnia and cannot fall asleep.,The Pok�mon cannot be put to Sleep while having this ability.,https://www.serebii.net/abilitydex/insomnia.shtml
Intimidate,Mabosstiff,"The Pok�mon intimidates opposing Pok�mon upon entering battle, lowering their Attack stat.","Upon entering battle, the opponent�s Attack lowers one stage. In a Double Battle, both opponents� Attack are lowered. Pok�mon with the Clear Body, Hyper Cutter, or White Smoke ability are unaffected. In a link battle, if both sides switch on the same turn, and first player sends out a Pok�mon with Intimidate, the opponent�s Attack will be lowered before the opponent�s Pok�mon switches. ",https://www.serebii.net/abilitydex/intimidate.shtml
Intimidate,Squawkabilly,"The Pok�mon intimidates opposing Pok�mon upon entering battle, lowering their Attack stat.","Upon entering battle, the opponent�s Attack lowers one stage. In a Double Battle, both opponents� Attack are lowered. Pok�mon with the Clear Body, Hyper Cutter, or White Smoke ability are unaffected. In a link battle, if both sides switch on the same turn, and first player sends out a Pok�mon with Intimidate, the opponent�s Attack will be lowered before the opponent�s Pok�mon switches. ",https://www.serebii.net/abilitydex/intimidate.shtml
Intimidate,Maschiff,"The Pok�mon intimidates opposing Pok�mon upon entering battle, lowering their Attack stat.","Upon entering battle, the opponent�s Attack lowers one stage. In a Double Battle, both opponents� Attack are lowered. Pok�mon with the Clear Body, Hyper Cutter, or White Smoke ability are unaffected. In a link battle, if both sides switch on the same turn, and first player sends out a Pok�mon with Intimidate, the opponent�s Attack will be lowered before the opponent�s Pok�mon switches. ",https://www.serebii.net/abilitydex/intimidate.shtml
Iron Fist,Pawmot,Powers up punching moves.,The power of punching moves is increased by 20%.,https://www.serebii.net/abilitydex/ironfist.shtml
Iron Fist,Pawmo,Powers up punching moves.,The power of punching moves is increased by 20%.,https://www.serebii.net/abilitydex/ironfist.shtml
Iron Fist,Pawmi,Powers up punching moves.,The power of punching moves is increased by 20%.,https://www.serebii.net/abilitydex/ironfist.shtml
Keen Eye,Bombirdier,Keen eyes prevent other Pok�mon from lowering this Pok�mon's accuracy.,Opponent cannot lower this Pok�mon�s accuracy. The Pok�mon ignores evasion boosts of the opponent,https://www.serebii.net/abilitydex/keeneye.shtml
Klutz,Capsakid,The Pok�mon can't use any held items.,"The Pok�mon cannot receive any effect of hold items except those that affect experience, EVs, friendship etc. such as Amulet Coin, Soothe Bell, Lucky Egg, Exp.Share, Macho Brace or the Power Items.",https://www.serebii.net/abilitydex/klutz.shtml
Klutz,Fidough,The Pok�mon can't use any held items.,"The Pok�mon cannot receive any effect of hold items except those that affect experience, EVs, friendship etc. such as Amulet Coin, Soothe Bell, Lucky Egg, Exp.Share, Macho Brace or the Power Items.",https://www.serebii.net/abilitydex/klutz.shtml
Lingering Aroma,Oinkologne,Contact with the Pok�mon changes the attacker's Ability to Lingering Aroma.,,https://www.serebii.net/abilitydex/lingeringaroma.shtml
Mold Breaker,Tinkaton,Moves can be used on the target regardless of its Abilities.,The Pok�mon's moves are not affected by foe�s abilities during battle,https://www.serebii.net/abilitydex/moldbreaker.shtml
Mold Breaker,Veluza,Moves can be used on the target regardless of its Abilities.,The Pok�mon's moves are not affected by foe�s abilities during battle,https://www.serebii.net/abilitydex/moldbreaker.shtml
Mold Breaker,Tinkatink,Moves can be used on the target regardless of its Abilities.,The Pok�mon's moves are not affected by foe�s abilities during battle,https://www.serebii.net/abilitydex/moldbreaker.shtml
Mold Breaker,Tinkatuff,Moves can be used on the target regardless of its Abilities.,The Pok�mon's moves are not affected by foe�s abilities during battle,https://www.serebii.net/abilitydex/moldbreaker.shtml
Moody,Scovillain,Raises one stat sharply and lowers another every turn.,"At the end of every turn, a random stat (except Accuracy and Evasion) is raised by two stages while another is lowered by one stage. ",https://www.serebii.net/abilitydex/moody.shtml
Moxie,Quaxly,"The Pok�mon shows moxie, and that boosts the Attack stat after knocking out any Pok�mon.",Attack is raised by one stage when the Pok�mon knocks out another Pok�mon,https://www.serebii.net/abilitydex/moxie.shtml
Moxie,Quaquaval,"The Pok�mon shows moxie, and that boosts the Attack stat after knocking out any Pok�mon.",Attack is raised by one stage when the Pok�mon knocks out another Pok�mon,https://www.serebii.net/abilitydex/moxie.shtml
Moxie,Quaxwell,"The Pok�mon shows moxie, and that boosts the Attack stat after knocking out any Pok�mon.",Attack is raised by one stage when the Pok�mon knocks out another Pok�mon,https://www.serebii.net/abilitydex/moxie.shtml
Mycelium Might,Toedscool,"The Pok�mon will always act more slowly when using status moves, but these moves will be unimpeded by the Ability of the target.","If the Pok�mon uses a Status move, it will move last in the Speed bracket, but its moves aren't affected by the Ability of the target",https://www.serebii.net/abilitydex/myceliummight.shtml
Mycelium Might,Toedscruel,"The Pok�mon will always act more slowly when using status moves, but these moves will be unimpeded by the Ability of the target.","If the Pok�mon uses a Status move, it will move last in the Speed bracket, but its moves aren't affected by the Ability of the target",https://www.serebii.net/abilitydex/myceliummight.shtml
Natural Cure,Pawmi,All status conditions heal when the Pok�mon switches out.,"The Pok�mon�s status (BURN, PARALYZE, SLEEP, POISON, FREEZE) is healed when withdrawn from battle.",https://www.serebii.net/abilitydex/naturalcure.shtml
Natural Cure,Pawmo,All status conditions heal when the Pok�mon switches out.,"The Pok�mon�s status (BURN, PARALYZE, SLEEP, POISON, FREEZE) is healed when withdrawn from battle.",https://www.serebii.net/abilitydex/naturalcure.shtml
Natural Cure,Pawmot,All status conditions heal when the Pok�mon switches out.,"The Pok�mon�s status (BURN, PARALYZE, SLEEP, POISON, FREEZE) is healed when withdrawn from battle.",https://www.serebii.net/abilitydex/naturalcure.shtml
Oblivious,Dondozo,"The Pok�mon is oblivious, and that keeps it from being infatuated or falling for taunts.","The Pok�mon cannot be under the Attract condition, Intimidated, or be taunted, while having this ability.",https://www.serebii.net/abilitydex/oblivious.shtml
Opportunist,Espathra,"If an opponent's stat is boosted, the Pok�mon seizes the opportunity to boost the same stat for itself.",,https://www.serebii.net/abilitydex/opportunist.shtml
Orichalcum Pulse,Koraidon,Turns the sunlight harsh when the Pok�mon enters a battle. The ancient pulse thrumming through the Pok�mon also boosts its Attack stat in harsh sunlight.,,https://www.serebii.net/abilitydex/orichalcumpulse.shtml
Overcoat,Revavroom,"Protects the Pok�mon from things like sand, hail, and powder.","Protects Pok�mon from Weather Effects and Powder moves such as Sleep Powder, Poison Powder etc. ",https://www.serebii.net/abilitydex/overcoat.shtml
Overcoat,Varoom,"Protects the Pok�mon from things like sand, hail, and powder.","Protects Pok�mon from Weather Effects and Powder moves such as Sleep Powder, Poison Powder etc. ",https://www.serebii.net/abilitydex/overcoat.shtml
Overgrow,Sprigatito,Powers up Grass-type moves when the Pok�mon's HP is low.,"When HP is below 1/3rd its maximum, power of Grass-type moves is increased by 50%.",https://www.serebii.net/abilitydex/overgrow.shtml
Overgrow,Floragato,Powers up Grass-type moves when the Pok�mon's HP is low.,"When HP is below 1/3rd its maximum, power of Grass-type moves is increased by 50%.",https://www.serebii.net/abilitydex/overgrow.shtml
Overgrow,Meowscarada,Powers up Grass-type moves when the Pok�mon's HP is low.,"When HP is below 1/3rd its maximum, power of Grass-type moves is increased by 50%.",https://www.serebii.net/abilitydex/overgrow.shtml
Own Tempo,Tandemaus,"This Pok�mon has its own tempo, and that prevents it from becoming confused.",The Pok�mon cannot be Confused while having this ability. Blocks Intimidate,https://www.serebii.net/abilitydex/owntempo.shtml
Own Tempo,Tinkaton,"This Pok�mon has its own tempo, and that prevents it from becoming confused.",The Pok�mon cannot be Confused while having this ability. Blocks Intimidate,https://www.serebii.net/abilitydex/owntempo.shtml
Own Tempo,Fidough,"This Pok�mon has its own tempo, and that prevents it from becoming confused.",The Pok�mon cannot be Confused while having this ability. Blocks Intimidate,https://www.serebii.net/abilitydex/owntempo.shtml
Own Tempo,Tinkatink,"This Pok�mon has its own tempo, and that prevents it from becoming confused.",The Pok�mon cannot be Confused while having this ability. Blocks Intimidate,https://www.serebii.net/abilitydex/owntempo.shtml
Own Tempo,Tadbulb,"This Pok�mon has its own tempo, and that prevents it from becoming confused.",The Pok�mon cannot be Confused while having this ability. Blocks Intimidate,https://www.serebii.net/abilitydex/owntempo.shtml
Own Tempo,Tinkatuff,"This Pok�mon has its own tempo, and that prevents it from becoming confused.",The Pok�mon cannot be Confused while having this ability. Blocks Intimidate,https://www.serebii.net/abilitydex/owntempo.shtml
Pickpocket,Shroodle,Steals an item from an attacker that made direct contact.,"When a Pok�mon makes physical contact with the Pok�mon, the item of the opponent is stolen.",https://www.serebii.net/abilitydex/pickpocket.shtml
Pickpocket,Tinkatink,Steals an item from an attacker that made direct contact.,"When a Pok�mon makes physical contact with the Pok�mon, the item of the opponent is stolen.",https://www.serebii.net/abilitydex/pickpocket.shtml
Pickpocket,Tinkatuff,Steals an item from an attacker that made direct contact.,"When a Pok�mon makes physical contact with the Pok�mon, the item of the opponent is stolen.",https://www.serebii.net/abilitydex/pickpocket.shtml
Pickpocket,Tinkaton,Steals an item from an attacker that made direct contact.,"When a Pok�mon makes physical contact with the Pok�mon, the item of the opponent is stolen.",https://www.serebii.net/abilitydex/pickpocket.shtml
Pickup,Greavard,"The Pok�mon may pick up the item an opposing Pok�mon used during a battle. It may pick up items outside of battle, too.","Has a 10% chance of finding and holding an item after battle. Will not work if this Pok�mon is already holding an item. From Black & White, it allows for the user to pick up the item of its opponent or ally if they used up the item in battle.",https://www.serebii.net/abilitydex/pickup.shtml
Pickup,Tandemaus,"The Pok�mon may pick up the item an opposing Pok�mon used during a battle. It may pick up items outside of battle, too.","Has a 10% chance of finding and holding an item after battle. Will not work if this Pok�mon is already holding an item. From Black & White, it allows for the user to pick up the item of its opponent or ally if they used up the item in battle.",https://www.serebii.net/abilitydex/pickup.shtml
Poison Point,Clodsire,Contact with the Pok�mon may poison the attacker.,"The opponent has a 30% chance of being induced with Poison when using an attack, that requires physical contact, against this Pok�mon.",https://www.serebii.net/abilitydex/poisonpoint.shtml
Poison Touch,Grafaiai,May poison a target when the Pok�mon makes contact.,"When the Pok�mon attacks its opponents with a move that causes Physical Contact, there is a 30% chance that the target is Poisoned.",https://www.serebii.net/abilitydex/poisontouch.shtml
Prankster,Grafaiai,Gives priority to a status move.,Status category moves have their Speed Priority increased by 1. Moves increased by this that are used on Dark-type opponents will fail.,https://www.serebii.net/abilitydex/prankster.shtml
Prankster,Shroodle,Gives priority to a status move.,Status category moves have their Speed Priority increased by 1. Moves increased by this that are used on Dark-type opponents will fail.,https://www.serebii.net/abilitydex/prankster.shtml
Pressure,Kingambit,"By putting pressure on the opposing Pok�mon, it raises their PP usage.","When this Pok�mon is hit by a move, the opponent�s PP lowers by 2 rather than 1. ",https://www.serebii.net/abilitydex/pressure.shtml
Protean,Sprigatito,Changes the Pok�mon's type to the type of the move it's about to use.,"Before the Pok�mon uses a move, it becomes a pure Pok�mon of that type. This only works once per switch in.",https://www.serebii.net/abilitydex/protean.shtml
Protean,Floragato,Changes the Pok�mon's type to the type of the move it's about to use.,"Before the Pok�mon uses a move, it becomes a pure Pok�mon of that type. This only works once per switch in.",https://www.serebii.net/abilitydex/protean.shtml
Protean,Meowscarada,Changes the Pok�mon's type to the type of the move it's about to use.,"Before the Pok�mon uses a move, it becomes a pure Pok�mon of that type. This only works once per switch in.",https://www.serebii.net/abilitydex/protean.shtml
Protosynthesis,Slither Wing,Boosts the Pok�mon's most proficient stat in harsh sunlight or if the Pok�mon is holding Booster Energy.,Increases the user's highest stat by 30% while Sunny Day is activated or if the Booster Energy is attached,https://www.serebii.net/abilitydex/protosynthesis.shtml
Protosynthesis,Roaring Moon,Boosts the Pok�mon's most proficient stat in harsh sunlight or if the Pok�mon is holding Booster Energy.,Increases the user's highest stat by 30% while Sunny Day is activated or if the Booster Energy is attached,https://www.serebii.net/abilitydex/protosynthesis.shtml
Protosynthesis,Flutter Mane,Boosts the Pok�mon's most proficient stat in harsh sunlight or if the Pok�mon is holding Booster Energy.,Increases the user's highest stat by 30% while Sunny Day is activated or if the Booster Energy is attached,https://www.serebii.net/abilitydex/protosynthesis.shtml
Protosynthesis,Great Tusk,Boosts the Pok�mon's most proficient stat in harsh sunlight or if the Pok�mon is holding Booster Energy.,Increases the user's highest stat by 30% while Sunny Day is activated or if the Booster Energy is attached,https://www.serebii.net/abilitydex/protosynthesis.shtml
Protosynthesis,Brute Bonnet,Boosts the Pok�mon's most proficient stat in harsh sunlight or if the Pok�mon is holding Booster Energy.,Increases the user's highest stat by 30% while Sunny Day is activated or if the Booster Energy is attached,https://www.serebii.net/abilitydex/protosynthesis.shtml
Protosynthesis,Scream Tail,Boosts the Pok�mon's most proficient stat in harsh sunlight or if the Pok�mon is holding Booster Energy.,Increases the user's highest stat by 30% while Sunny Day is activated or if the Booster Energy is attached,https://www.serebii.net/abilitydex/protosynthesis.shtml
Protosynthesis,Sandy Shocks,Boosts the Pok�mon's most proficient stat in harsh sunlight or if the Pok�mon is holding Booster Energy.,Increases the user's highest stat by 30% while Sunny Day is activated or if the Booster Energy is attached,https://www.serebii.net/abilitydex/protosynthesis.shtml
Purifying Salt,Nacli,The Pok�mon's pure salt protects it from status conditions and halves the damage taken from Ghost-type moves.,,https://www.serebii.net/abilitydex/purifyingsalt.shtml
Purifying Salt,Naclstack,The Pok�mon's pure salt protects it from status conditions and halves the damage taken from Ghost-type moves.,,https://www.serebii.net/abilitydex/purifyingsalt.shtml
Purifying Salt,Garganacl,The Pok�mon's pure salt protects it from status conditions and halves the damage taken from Ghost-type moves.,,https://www.serebii.net/abilitydex/purifyingsalt.shtml
Quark Drive,Iron Moth,Boosts the Pok�mon's most proficient stat on Electric Terrain or if the Pok�mon is holding Booster Energy.,Increases the user's highest stat by 30% while Electric Terrain is activated or if the Booster Energy is attached,https://www.serebii.net/abilitydex/quarkdrive.shtml
Quark Drive,Iron Hands,Boosts the Pok�mon's most proficient stat on Electric Terrain or if the Pok�mon is holding Booster Energy.,Increases the user's highest stat by 30% while Electric Terrain is activated or if the Booster Energy is attached,https://www.serebii.net/abilitydex/quarkdrive.shtml
Quark Drive,Iron Jugulis,Boosts the Pok�mon's most proficient stat on Electric Terrain or if the Pok�mon is holding Booster Energy.,Increases the user's highest stat by 30% while Electric Terrain is activated or if the Booster Energy is attached,https://www.serebii.net/abilitydex/quarkdrive.shtml
Quark Drive,Iron Treads,Boosts the Pok�mon's most proficient stat on Electric Terrain or if the Pok�mon is holding Booster Energy.,Increases the user's highest stat by 30% while Electric Terrain is activated or if the Booster Energy is attached,https://www.serebii.net/abilitydex/quarkdrive.shtml
Quark Drive,Iron Bundle,Boosts the Pok�mon's most proficient stat on Electric Terrain or if the Pok�mon is holding Booster Energy.,Increases the user's highest stat by 30% while Electric Terrain is activated or if the Booster Energy is attached,https://www.serebii.net/abilitydex/quarkdrive.shtml
Quark Drive,Iron Valiant,Boosts the Pok�mon's most proficient stat on Electric Terrain or if the Pok�mon is holding Booster Energy.,Increases the user's highest stat by 30% while Electric Terrain is activated or if the Booster Energy is attached,https://www.serebii.net/abilitydex/quarkdrive.shtml
Quark Drive,Iron Thorns,Boosts the Pok�mon's most proficient stat on Electric Terrain or if the Pok�mon is holding Booster Energy.,Increases the user's highest stat by 30% while Electric Terrain is activated or if the Booster Energy is attached,https://www.serebii.net/abilitydex/quarkdrive.shtml
Rattled,Wugtrio,"Dark-, Ghost-, and Bug-type moves scare the Pok�mon and boost its Speed stat.","Speed is raised by one stage when the Pok�mon is hit by a Bug-type, Ghost-type or Dark-type move or is Intimidated",https://www.serebii.net/abilitydex/rattled.shtml
Rattled,Dudunsparce,"Dark-, Ghost-, and Bug-type moves scare the Pok�mon and boost its Speed stat.","Speed is raised by one stage when the Pok�mon is hit by a Bug-type, Ghost-type or Dark-type move or is Intimidated",https://www.serebii.net/abilitydex/rattled.shtml
Rattled,Wiglett,"Dark-, Ghost-, and Bug-type moves scare the Pok�mon and boost its Speed stat.","Speed is raised by one stage when the Pok�mon is hit by a Bug-type, Ghost-type or Dark-type move or is Intimidated",https://www.serebii.net/abilitydex/rattled.shtml
Rattled,Gimmighoul,"Dark-, Ghost-, and Bug-type moves scare the Pok�mon and boost its Speed stat.","Speed is raised by one stage when the Pok�mon is hit by a Bug-type, Ghost-type or Dark-type move or is Intimidated",https://www.serebii.net/abilitydex/rattled.shtml
Regenerator,Klawf,Restores a little HP when withdrawn from battle.,"When the Pok�mon switches out of battle, up to 33.3% of its maximum Hit Points are restored",https://www.serebii.net/abilitydex/regenerator.shtml
Regenerator,Cyclizar,Restores a little HP when withdrawn from battle.,"When the Pok�mon switches out of battle, up to 33.3% of its maximum Hit Points are restored",https://www.serebii.net/abilitydex/regenerator.shtml
Rocky Payload,Bombirdier,Powers up Rock-type moves.,Increases the power of Rock-type moves used by this Pok�mon by 50%,https://www.serebii.net/abilitydex/rockypayload.shtml
Run Away,Maschiff,Enables a sure getaway from wild Pok�mon.,"Except for trainer battles, can always run from battle. It still cannot switch during Mean Look or Block.",https://www.serebii.net/abilitydex/runaway.shtml
Run Away,Tandemaus,Enables a sure getaway from wild Pok�mon.,"Except for trainer battles, can always run from battle. It still cannot switch during Mean Look or Block.",https://www.serebii.net/abilitydex/runaway.shtml
Run Away,Dudunsparce,Enables a sure getaway from wild Pok�mon.,"Except for trainer battles, can always run from battle. It still cannot switch during Mean Look or Block.",https://www.serebii.net/abilitydex/runaway.shtml
Sand Rush,Houndstone,Boosts the Pok�mon's Speed stat in a sandstorm.,Speed is doubled within a sandstorm,https://www.serebii.net/abilitydex/sandrush.shtml
Sand Veil,Wiglett,Boosts the Pok�mon's evasion in a sandstorm.,Raises the Pok�mon�s evasion during a sandstorm by one level.,https://www.serebii.net/abilitydex/sandveil.shtml
Sand Veil,Orthworm,Boosts the Pok�mon's evasion in a sandstorm.,Raises the Pok�mon�s evasion during a sandstorm by one level.,https://www.serebii.net/abilitydex/sandveil.shtml
Sand Veil,Wugtrio,Boosts the Pok�mon's evasion in a sandstorm.,Raises the Pok�mon�s evasion during a sandstorm by one level.,https://www.serebii.net/abilitydex/sandveil.shtml
Sap Sipper,Farigiraf,"Boosts the Attack stat if hit by a Grass-type move, instead of taking damage.",Attack is raised by one stage when the Pok�mon is hit by a Grass-type move. User receives no damage from Grass-type attacks.,https://www.serebii.net/abilitydex/sapsipper.shtml
Scrappy,Flamigo,The Pok�mon can hit Ghost-type Pok�mon with Normal- and Fighting-type moves.,Allows the Pok�mon to hit Ghost-type Pok�mon with Normal-type and Fighting-type moves. Blocks Intimidate,https://www.serebii.net/abilitydex/scrappy.shtml
Seed Sower,Arboliva,Turns the ground into Grassy Terrain when the Pok�mon is hit by an attack.,,https://www.serebii.net/abilitydex/seedsower.shtml
Serene Grace,Dudunsparce,Boosts the likelihood of additional effects occurring  when attacking.,The chances of a move having a secondary effect is doubled.,https://www.serebii.net/abilitydex/serenegrace.shtml
Sharpness,Veluza,Powers up slicing moves.,Increases the power of Slicing moves used by this Pok�mon by 50%,https://www.serebii.net/abilitydex/sharpness.shtml
Shed Skin,Rellor,The Pok�mon may heal its own status conditions by shedding its skin.,"Every turn, it has a 1 in 3 chance of healing from a status condition (BURN, PARALYZE, SLEEP, POISON, FREEZE).",https://www.serebii.net/abilitydex/shedskin.shtml
Shed Skin,Cyclizar,The Pok�mon may heal its own status conditions by shedding its skin.,"Every turn, it has a 1 in 3 chance of healing from a status condition (BURN, PARALYZE, SLEEP, POISON, FREEZE).",https://www.serebii.net/abilitydex/shedskin.shtml
Sheer Force,Cetoddle,Removes additional effects to increase the power of moves when attacking.,Moves with a secondary effect are increased in power by 30% but lose their secondary effect,https://www.serebii.net/abilitydex/sheerforce.shtml
Sheer Force,Cetitan,Removes additional effects to increase the power of moves when attacking.,Moves with a secondary effect are increased in power by 30% but lose their secondary effect,https://www.serebii.net/abilitydex/sheerforce.shtml
Shell Armor,Klawf,A hard shell protects the Pok�mon from critical hits.,Opponent�s moves cannot Critical Hit.,https://www.serebii.net/abilitydex/shellarmor.shtml
Slow Start,Varoom,"For five turns, the Pok�mon's Attack and Speed stats are halved.",Attack and Speed is halved during the first five turns since sent out.,https://www.serebii.net/abilitydex/slowstart.shtml
Slush Rush,Cetitan,Boosts the Pok�mon's Speed stat in a hailstorm.,Doubles the Pok�mon's Speed when Hail is in effect,https://www.serebii.net/abilitydex/slushrush.shtml
Snow Cloak,Cetoddle,Boosts evasion in a hailstorm.,Raises the Pok�mon�s evasion during a hailstorm by one level.,https://www.serebii.net/abilitydex/snowcloak.shtml
Speed Boost,Espathra,Its Speed stat is boosted every turn.,Speed increases by one stage at the end of each turn.,https://www.serebii.net/abilitydex/speedboost.shtml
Speed Boost,Flittle,Its Speed stat is boosted every turn.,Speed increases by one stage at the end of each turn.,https://www.serebii.net/abilitydex/speedboost.shtml
Stakeout,Tarountula,Doubles the damage dealt to the target's replacement if the target switches out.,,https://www.serebii.net/abilitydex/stakeout.shtml
Stakeout,Mabosstiff,Doubles the damage dealt to the target's replacement if the target switches out.,,https://www.serebii.net/abilitydex/stakeout.shtml
Stakeout,Spidops,Doubles the damage dealt to the target's replacement if the target switches out.,,https://www.serebii.net/abilitydex/stakeout.shtml
Stakeout,Maschiff,Doubles the damage dealt to the target's replacement if the target switches out.,,https://www.serebii.net/abilitydex/stakeout.shtml
Static,Bellibolt,"The Pok�mon is charged with static electricity, so contact with it may cause paralysis.","The opponent has a 30% chance of being induced with PARALYZE when using an attack, that requires physical contact, against this Pok�mon.",https://www.serebii.net/abilitydex/static.shtml
Static,Pawmi,"The Pok�mon is charged with static electricity, so contact with it may cause paralysis.","The opponent has a 30% chance of being induced with PARALYZE when using an attack, that requires physical contact, against this Pok�mon.",https://www.serebii.net/abilitydex/static.shtml
Static,Tadbulb,"The Pok�mon is charged with static electricity, so contact with it may cause paralysis.","The opponent has a 30% chance of being induced with PARALYZE when using an attack, that requires physical contact, against this Pok�mon.",https://www.serebii.net/abilitydex/static.shtml
Storm Drain,Tatsugiri,"Draws in all Water-type moves. Instead of being hit  by Water-type moves, it boosts its Sp. Atk.",Water-type moves are drawn to this Pok�mon. Water-type moves will do no damage and the Pok�mon's SP ATK is raised one stage,https://www.serebii.net/abilitydex/stormdrain.shtml
Sturdy,Garganacl,"It cannot be knocked out with one hit. One-hit KO moves cannot knock it out, either.","The Pok�mon will remain with 1 HP if it was going to be knocked out by a move when at full Hit Points, and it is immune to One Hit KO moves.",https://www.serebii.net/abilitydex/sturdy.shtml
Sturdy,Nacli,"It cannot be knocked out with one hit. One-hit KO moves cannot knock it out, either.","The Pok�mon will remain with 1 HP if it was going to be knocked out by a move when at full Hit Points, and it is immune to One Hit KO moves.",https://www.serebii.net/abilitydex/sturdy.shtml
Sturdy,Naclstack,"It cannot be knocked out with one hit. One-hit KO moves cannot knock it out, either.","The Pok�mon will remain with 1 HP if it was going to be knocked out by a move when at full Hit Points, and it is immune to One Hit KO moves.",https://www.serebii.net/abilitydex/sturdy.shtml
Supreme Overlord,Kingambit,"When the Pok�mon enters a battle, its Attack and Sp. Atk stats are slightly boosted for each of the allies in its party that have already been defeated.",,https://www.serebii.net/abilitydex/supremeoverlord.shtml
Swarm,Nymble,Powers up Bug-type moves when the Pok�mon's HP is low.,"When HP is below 1/3rd its maximum, power of Bug-type moves is increased by 50%.",https://www.serebii.net/abilitydex/swarm.shtml
Swarm,Lokix,Powers up Bug-type moves when the Pok�mon's HP is low.,"When HP is below 1/3rd its maximum, power of Bug-type moves is increased by 50%.",https://www.serebii.net/abilitydex/swarm.shtml
Sword of Ruin,Chien-Pao,The power of the Pok�mon's ruinous sword lowers the Defense stats of all Pok�mon except itself.,,https://www.serebii.net/abilitydex/swordofruin.shtml
Synchronize,Rabsca,"The attacker will receive the same status condition if it inflicts a burn, poison, or paralysis to the Pok�mon.","When this Pok�mon becomes Poisoned, Paralyzed, or Burned, so does the opponent. However, Fire-type and Water Veil ability Pok�mon cannot be Burned, Poison-type and Steel-type and Immunity ability Pok�mon cannot be Poisoned, and Limber ability Pok�mon cannot be Paralyzed.",https://www.serebii.net/abilitydex/synchronize.shtml
Tablets of Ruin,Wo-Chien,The power of the Pok�mon's ruinous wooden tablets lowers the Attack stats of all Pok�mon except itself.,,https://www.serebii.net/abilitydex/tabletsofruin.shtml
Tangled Feet,Flamigo,Raises evasion if the Pok�mon is confused.,Pok�mon�s evasion raises one level when Confused.,https://www.serebii.net/abilitydex/tangledfeet.shtml
Technician,Maushold,Powers up the Pok�mon's weaker moves.,Moves with a base power of 60 or less are boosted in power by 50%,https://www.serebii.net/abilitydex/technician.shtml
Telepathy,Rabsca,Anticipates an ally's attack and dodges it.,Prevents damage from team-mates during Double and Triple battles,https://www.serebii.net/abilitydex/telepathy.shtml
Thermal Exchange,Arctibax,Boosts the Attack stat when the Pok�mon is hit by a Fire-type move. The Pok�mon also cannot be burned.,,https://www.serebii.net/abilitydex/thermalexchange.shtml
Thermal Exchange,Baxcalibur,Boosts the Attack stat when the Pok�mon is hit by a Fire-type move. The Pok�mon also cannot be burned.,,https://www.serebii.net/abilitydex/thermalexchange.shtml
Thermal Exchange,Frigibax,Boosts the Attack stat when the Pok�mon is hit by a Fire-type move. The Pok�mon also cannot be burned.,,https://www.serebii.net/abilitydex/thermalexchange.shtml
Thick Fat,Lechonk,"The Pok�mon is protected by a layer of thick fat, which halves the damage taken from Fire- and Ice-type moves.",Fire and Ice-type moves deal 50% damage.,https://www.serebii.net/abilitydex/thickfat.shtml
Thick Fat,Cetitan,"The Pok�mon is protected by a layer of thick fat, which halves the damage taken from Fire- and Ice-type moves.",Fire and Ice-type moves deal 50% damage.,https://www.serebii.net/abilitydex/thickfat.shtml
Thick Fat,Cetoddle,"The Pok�mon is protected by a layer of thick fat, which halves the damage taken from Fire- and Ice-type moves.",Fire and Ice-type moves deal 50% damage.,https://www.serebii.net/abilitydex/thickfat.shtml
Thick Fat,Oinkologne,"The Pok�mon is protected by a layer of thick fat, which halves the damage taken from Fire- and Ice-type moves.",Fire and Ice-type moves deal 50% damage.,https://www.serebii.net/abilitydex/thickfat.shtml
Tinted Lens,Lokix,The Pok�mon can use �not very effective� moves to deal regular damage. ,The power of �not very effective� moves is doubled.,https://www.serebii.net/abilitydex/tintedlens.shtml
Tinted Lens,Nymble,The Pok�mon can use �not very effective� moves to deal regular damage. ,The power of �not very effective� moves is doubled.,https://www.serebii.net/abilitydex/tintedlens.shtml
Torrent,Quaxly,Powers up Water-type moves when the Pok�mon's HP is low.,"When HP is below 1/3rd its maximum, power of Water-type moves is increased by 50%.",https://www.serebii.net/abilitydex/torrent.shtml
Torrent,Quaquaval,Powers up Water-type moves when the Pok�mon's HP is low.,"When HP is below 1/3rd its maximum, power of Water-type moves is increased by 50%.",https://www.serebii.net/abilitydex/torrent.shtml
Torrent,Quaxwell,Powers up Water-type moves when the Pok�mon's HP is low.,"When HP is below 1/3rd its maximum, power of Water-type moves is increased by 50%.",https://www.serebii.net/abilitydex/torrent.shtml
Toxic Debris,Glimmet,Scatters poison spikes at the feet of the opposing team when the Pok�mon takes damage from physical moves.,,https://www.serebii.net/abilitydex/toxicdebris.shtml
Toxic Debris,Glimmora,Scatters poison spikes at the feet of the opposing team when the Pok�mon takes damage from physical moves.,,https://www.serebii.net/abilitydex/toxicdebris.shtml
Unaware,Fuecoco,"When attacking, the Pok�mon ignores the target Pok�mon's stat changes.",Foe�s stat modifications are ignored.,https://www.serebii.net/abilitydex/unaware.shtml
Unaware,Crocalor,"When attacking, the Pok�mon ignores the target Pok�mon's stat changes.",Foe�s stat modifications are ignored.,https://www.serebii.net/abilitydex/unaware.shtml
Unaware,Skeledirge,"When attacking, the Pok�mon ignores the target Pok�mon's stat changes.",Foe�s stat modifications are ignored.,https://www.serebii.net/abilitydex/unaware.shtml
Unaware,Dondozo,"When attacking, the Pok�mon ignores the target Pok�mon's stat changes.",Foe�s stat modifications are ignored.,https://www.serebii.net/abilitydex/unaware.shtml
Unaware,Clodsire,"When attacking, the Pok�mon ignores the target Pok�mon's stat changes.",Foe�s stat modifications are ignored.,https://www.serebii.net/abilitydex/unaware.shtml
Unburden,Shroodle,Boosts the Speed stat if the Pok�mon's held item is  used or lost.,Speed is doubled once the held item is consumed.,https://www.serebii.net/abilitydex/unburden.shtml
Unburden,Grafaiai,Boosts the Speed stat if the Pok�mon's held item is  used or lost.,Speed is doubled once the held item is consumed.,https://www.serebii.net/abilitydex/unburden.shtml
Vessel of Ruin,Ting-Lu,The power of the Pok�mon's ruinous vessel lowers the Sp. Atk stats of all Pok�mon except itself.,,https://www.serebii.net/abilitydex/vesselofruin.shtml
Vital Spirit,Annihilape,"The Pok�mon is full of vitality, and that prevents it from falling asleep.",The Pok�mon cannot be Asleep while having this ability.,https://www.serebii.net/abilitydex/vitalspirit.shtml
Volt Absorb,Kilowattrel,"Restores HP if hit by an Electric-type move, instead of taking damage.",The Pok�mon heals up to 1/4 of its maximum Hit Points when hit with Electric-type moves.,https://www.serebii.net/abilitydex/voltabsorb.shtml
Volt Absorb,Pawmot,"Restores HP if hit by an Electric-type move, instead of taking damage.",The Pok�mon heals up to 1/4 of its maximum Hit Points when hit with Electric-type moves.,https://www.serebii.net/abilitydex/voltabsorb.shtml
Volt Absorb,Wattrel,"Restores HP if hit by an Electric-type move, instead of taking damage.",The Pok�mon heals up to 1/4 of its maximum Hit Points when hit with Electric-type moves.,https://www.serebii.net/abilitydex/voltabsorb.shtml
Volt Absorb,Pawmo,"Restores HP if hit by an Electric-type move, instead of taking damage.",The Pok�mon heals up to 1/4 of its maximum Hit Points when hit with Electric-type moves.,https://www.serebii.net/abilitydex/voltabsorb.shtml
Water Absorb,Clodsire,"Restores HP if hit by a Water-type move, instead of taking damage.",The Pok�mon heals up to 1/4 of its maximum Hit Points when hit with Water-type moves.,https://www.serebii.net/abilitydex/waterabsorb.shtml
Water Veil,Finizen,"The Pok�mon is covered with a water veil, which prevents the Pok�mon from getting a burn.",This Pok�mon cannot be Burned while having this ability.,https://www.serebii.net/abilitydex/waterveil.shtml
Water Veil,Dondozo,"The Pok�mon is covered with a water veil, which prevents the Pok�mon from getting a burn.",This Pok�mon cannot be Burned while having this ability.,https://www.serebii.net/abilitydex/waterveil.shtml
Weak Armor,Armarouge,Physical attacks to the Pok�mon lower its Defense stat but sharply raise its Speed stat.,"When hit by an attack, the Pok�mon's Defense is lowered by one stage but Speed is increased by two stages.",https://www.serebii.net/abilitydex/weakarmor.shtml
Weak Armor,Ceruledge,Physical attacks to the Pok�mon lower its Defense stat but sharply raise its Speed stat.,"When hit by an attack, the Pok�mon's Defense is lowered by one stage but Speed is increased by two stages.",https://www.serebii.net/abilitydex/weakarmor.shtml
Well-Baked Body,Dachsbun,"The Pok�mon takes no damage when hit by Fire-type moves. Instead, its Defense stat is sharply boosted.",This Pok�mon receives no damage when hit by Fire-type moves and boosts its Defense stat by 2 stages,https://www.serebii.net/abilitydex/well-bakedbody.shtml
Wind Power,Kilowattrel,"The Pok�mon becomes charged when it is hit by a wind move, boosting the power of the next Electric-type move the Pok�mon uses.",,https://www.serebii.net/abilitydex/windpower.shtml
Wind Power,Wattrel,"The Pok�mon becomes charged when it is hit by a wind move, boosting the power of the next Electric-type move the Pok�mon uses.",,https://www.serebii.net/abilitydex/windpower.shtml
Wind Rider,Brambleghast,Boosts the Pok�mon's Attack stat if Tailwind takes effect or if the Pok�mon is hit by a wind move. The Pok�mon also takes no damage from wind moves.,,https://www.serebii.net/abilitydex/windrider.shtml
Wind Rider,Bramblin,Boosts the Pok�mon's Attack stat if Tailwind takes effect or if the Pok�mon is hit by a wind move. The Pok�mon also takes no damage from wind moves.,,https://www.serebii.net/abilitydex/windrider.shtml
Zero to Hero,Palafin,The Pok�mon transforms into its Hero Form when it switches out.,,https://www.serebii.net/abilitydex/zerotohero.shtml
